{
  "model": "ARIMAX",
  "timestamp": "2025-11-11 16:18:21",
  "horizons_tested": [
    20,
    60
  ],
  "targets": {
    "memory_usage_pct": {
      "h20": {
        "horizon": 20,
        "horizon_minutes": 10.0,
        "n_predictions": 17131,
        "metrics": {
          "mae": 3.6359199929404955,
          "rmse": 4.121623114865005,
          "mse": 16.987777100989504,
          "mape": 882.564595719893,
          "r2": -20.68017809620289,
          "max_error": 7.000779665146805,
          "median_ae": 3.747629781093234
        }
      },
      "h60": {
        "horizon": 60,
        "horizon_minutes": 30.0,
        "n_predictions": 17091,
        "metrics": {
          "mae": 3.646118332544158,
          "rmse": 4.128076867571807,
          "mse": 17.04101862458147,
          "mape": 884.6775328292217,
          "r2": -20.738990051502487,
          "max_error": 7.002633084064801,
          "median_ae": 3.7511373893893656
        }
      }
    },
    "cpu_total_usage": {
      "h20": {
        "horizon": 20,
        "horizon_minutes": 10.0,
        "n_predictions": 17131,
        "metrics": {
          "mae": 0.3016958109136319,
          "rmse": 0.7950330621796872,
          "mse": 0.6320775699588103,
          "mape": 105.18291521799483,
          "r2": 0.33957617496521064,
          "max_error": 20.58848654833881,
          "median_ae": 0.15195348379612428
        }
      },
      "h60": {
        "horizon": 60,
        "horizon_minutes": 30.0,
        "n_predictions": 17091,
        "metrics": {
          "mae": 0.3006437415523718,
          "rmse": 0.794623428738269,
          "mse": 0.6314263934997628,
          "mape": 105.10349818046035,
          "r2": 0.3357280878223249,
          "max_error": 20.58809999837565,
          "median_ae": 0.1517012325624708
        }
      }
    },
    "system_load": {
      "h20": {
        "horizon": 20,
        "horizon_minutes": 10.0,
        "n_predictions": 17131,
        "metrics": {
          "mae": 1.4719190482825144,
          "rmse": 1.8342663217302917,
          "mse": 3.364532939033974,
          "mape": 2456.337800160761,
          "r2": -2.50679905921065,
          "max_error": 11.49774687114192,
          "median_ae": 1.4300657827077847
        }
      },
      "h60": {
        "horizon": 60,
        "horizon_minutes": 30.0,
        "n_predictions": 17091,
        "metrics": {
          "mae": 1.383759478338153,
          "rmse": 1.7925201853799322,
          "mse": 3.2131286149945066,
          "mape": 2406.6806385919454,
          "r2": -2.3817298918402123,
          "max_error": 11.736233465204348,
          "median_ae": 1.2816072679183454
        }
      }
    }
  }
}